dataset,original_class,image_count,use_for_disease_model,standardized_class,reason
BG01_Mendeley,Alternaria_Leaf_Blight,178,,,
BG01_Mendeley,Angular_Leaf_spot,14,,,
BG01_Mendeley,Anthracnose,498,,,
BG01_Mendeley,Downy_Mildew,46,,,
BG01_Mendeley,Early_Alternaria_Leaf_Blight,45,,,
BG01_Mendeley,Fungal_Damage_Leaf,31,,,
BG01_Mendeley,Healthy,55,,,
BG01_Mendeley,Mosaic_Virus,251,,,
BG02_AgriVision,Alternaria_Leaf_Blight,1000,,,
BG02_AgriVision,Anthracnose,1000,,,
BG02_AgriVision,Downy_Mildew,1000,,,
BG02_AgriVision,Early_Alternaria_Leaf_Blight,1000,,,
BG02_AgriVision,Fungal_Damage_Leaf,1000,,,
BG02_AgriVision,Healthy,1000,,,
BG02_AgriVision,Mosaic_Virus,1000,,,
BG03_Freshness,Anthracnose,601,,,
BG03_Freshness,Downey mildew,684,,,
BG03_Freshness,Fresh leaf,518,,,
BG04_Anthracnose,Bottle  Gourd Diseased leaves,1720,,,
BG04_Anthracnose,Bottle  Gourd Extreme Diseased leaves,688,,,
BG04_Anthracnose,Bottle  Gourd Healthy leaves,915,,,
BG05_CAIRrlder,Anthracnose,283,,,
BG05_CAIRrlder,Downy Mildew,258,,,
BG05_CAIRrlder,Dry Leaf,363,,,
BG05_CAIRrlder,Flower,131,,,
BG05_CAIRrlder,Healthy Leaf,419,,,
BG05_CAIRrlder,Immature Gourd,154,,,
BG05_CAIRrlder,Mature Gourd,157,,,
BG05_CAIRrlder,Nutrition Deficiency,100,,,
BG05_CAIRrlder,Pest Infestation,216,,,
