,precision,recall,f1-score
Alternaria_Leaf_Blight,0.8181818181818182,0.8132530120481928,0.8157099697885196
Anthracnose,0.9368770764119602,0.8417910447761194,0.8867924528301887
Downy_Mildew,0.966996699669967,0.9865319865319865,0.9766666666666667
Dry_Leaf,1.0,1.0,1.0
Early_Alternaria_Leaf_Blight,0.7976878612716763,0.9019607843137255,0.8466257668711656
Fungal_Damage_Leaf,0.967741935483871,0.9868421052631579,0.9771986970684039
Healthy,0.9699074074074074,0.9654377880184332,0.9676674364896074
Mosaic_Virus,0.8900523560209425,0.9289617486338798,0.9090909090909091
Nutrition_Deficiency,1.0,1.0,1.0
Pest_Infestation,1.0,1.0,1.0
