true_class,predicted_class,count
Anthracnose,Alternaria_Leaf_Blight,20
Alternaria_Leaf_Blight,Anthracnose,15
Anthracnose,Mosaic_Virus,13
Anthracnose,Early_Alternaria_Leaf_Blight,12
Alternaria_Leaf_Blight,Early_Alternaria_Leaf_Blight,9
Early_Alternaria_Leaf_Blight,Healthy,6
Healthy,Early_Alternaria_Leaf_Blight,6
Anthracnose,Downy_Mildew,5
Early_Alternaria_Leaf_Blight,Alternaria_Leaf_Blight,5
Mosaic_Virus,Early_Alternaria_Leaf_Blight,5
Alternaria_Leaf_Blight,Healthy,4
Mosaic_Virus,Anthracnose,4
Alternaria_Leaf_Blight,Mosaic_Virus,3
Anthracnose,Healthy,3
Healthy,Alternaria_Leaf_Blight,3
Healthy,Fungal_Damage_Leaf,3
Downy_Mildew,Early_Alternaria_Leaf_Blight,2
Early_Alternaria_Leaf_Blight,Mosaic_Virus,2
Healthy,Downy_Mildew,2
Mosaic_Virus,Downy_Mildew,2
Downy_Mildew,Mosaic_Virus,1
Downy_Mildew,Alternaria_Leaf_Blight,1
Early_Alternaria_Leaf_Blight,Downy_Mildew,1
Early_Alternaria_Leaf_Blight,Fungal_Damage_Leaf,1
Fungal_Damage_Leaf,Early_Alternaria_Leaf_Blight,1
Fungal_Damage_Leaf,Mosaic_Virus,1
Healthy,Mosaic_Virus,1
Mosaic_Virus,Alternaria_Leaf_Blight,1
Mosaic_Virus,Fungal_Damage_Leaf,1
