,precision,recall,f1-score,support
Alternaria_Leaf_Blight,0.5260115606936416,0.5481927710843374,0.5368731563421829,166.0
Anthracnose,0.8357664233576643,0.6835820895522388,0.7520525451559934,335.0
Downy_Mildew,0.8817204301075269,0.8282828282828283,0.8541666666666666,297.0
Dry_Leaf,0.9818181818181818,0.9818181818181818,0.9818181818181818,55.0
Early_Alternaria_Leaf_Blight,0.480225988700565,0.5555555555555556,0.5151515151515151,153.0
Fungal_Damage_Leaf,0.5913461538461539,0.8092105263157895,0.6833333333333333,152.0
Healthy,0.9308641975308642,0.868663594470046,0.8986889153754469,434.0
Mosaic_Virus,0.6494845360824743,0.6885245901639344,0.6684350132625995,183.0
Nutrition_Deficiency,0.7368421052631579,0.9333333333333333,0.8235294117647058,15.0
Pest_Infestation,0.8461538461538461,1.0,0.9166666666666666,33.0
accuracy,0.7558968732857927,0.7558968732857927,0.7558968732857927,0.7558968732857927
macro avg,0.7460233423554075,0.7897163470576245,0.7630715405537293,1823.0
weighted avg,0.7725486948059306,0.7558968732857927,0.7604983175761815,1823.0
